id	open	Q	A	Interp	Primary_id	Alter_id	Day_Stem	A_length	Day_Branch	Month_Branch
3	0	Is Lanxiang Technical School really awesome?	The overall environment supports the development of the learners, but adaptation to intense competition is necessary.	The line in the generation position, water of Hai, moves and clashes with the response line, fire of Si. Within the hexagram, the energy of gold supports the generation position. The six harmony gold configuration is stable. The overall trend is relatively auspicious, with only minor setbacks.	15	37	ji	117.0	you	you
6	1	Seven people, including the father and sons, were asked how the case should proceed.	In the Six Conflicts hexagram, the subject line is temporarily broken by the month, ultimately leading to a sentence of three years imprisonment.	In the hexagram, the line of Children is unstable; the moving line overcomes the self line, indicating an unfavorable outcome and a fear of sentencing.	57	58	xin	145.0	hai	mao
18	1	The mysterious phenomenon at the Yangzhou Han tomb has been intriguing. When tourists used their cameras to take pictures, they observed very strange occurrences through the lens. A woman saw only a transparent, blurred outline of herself in the camera. It was to the extent that one could see the railing behind her through her body. The photos taken also showed the same scene. Even more curious, when a man stood in the exact same spot, the view through the camera appeared normal. At that time, Yangzhou TV station also issued an announcement seeking a reasonable explanation.	Phenomena are not permanent; they are now gone.	From the hexagram's perspective, the presence of the Parents element as the sole active water can represent the cause. In the six lines, it represents the heavens, where water can be understood as moisture in the air. Positioned with Hook Snake, it signifies staying in place and aligns with the dayâ€™s wealth element representing females. Parents also symbolize information, thereby explaining such a phenomenon, which should be a reflection created by light and moisture in the air.	48	57	ji	47.0	chou	shen
19	0	"Is it feasible to use the prescription of ""Gold Dissolving Kidney Qi Pills"" for self-divination to regulate and nourish the body?"	Look at the image of a solitary activation. If there is another moving line, it is discussed as a transformation returning to engendering.	Medicine is considered the useful spirit, but one should also observe the movement and changes of the principal line in the hexagram. In this hexagram, the principle line transforms into fire which is already in its declining cycle. Taking this medicine may cause one to become irritable, with a dry mouth and tongue, weak lower limbs, and poor effectiveness.	40	16	ren	138.0	chen	shen
20	1	My wife, who rents a clothing stall in a county outside, has been experiencing poor business recently. She consulted an I Ching hexagram to see when there might be a change for the better.	It is one's own bad luck, rather than the shop's feng shui or management method being incorrect; such hexagrams are exceedingly difficult to resolve.	This hexagram involves a single moving line. Although the finances are supported by the month and day, indicating a prosperous state, the moving line of you gold is in a death position for the financial line. The judgment is primarily based on the imagery of the twelve stages of growth, so financial fortune is certainly not good. The world at the sibling position indicates that one's own luck is poor, rather than issues with the store's feng shui or business methods. Resolving such a hexagram is highly challenging.	49	55	wu	149.0	wu	wei
21	0	Is the traditional Chinese medicine being consumed beneficial to the body?	Should belong to excessive abundance.	This hexagram has the Subject line supported by the moon and activated by the day, transforming into an advancing spirit that is overly strong. The Subject line is supported by the moon and activated by the day, additionally transforming into an advancing state. The six yao (lines) are secretly activated to provide further support. The second yao is the original spirit, initially emerging as the original spirit. The use of the original spirit results in a total of seven original spirits being obtained.	55	31	ren	37.0	chen	shen
27	0	Is it true that an engineer at a certain company said they want to buy new equipment?	The actual feedback was later proactively receiving 5000 yuan for repair costs and signing a new equipment purchase contract.	The sale of equipment relies on wealth being useful, yet wealth within the hexagram is in a state of rest and does not appear in the hexagram, with parents and siblings both active, seeking wealth is like climbing a tree to find fish. The contract is represented by the first line of the Parents, Chen soil, which is vigorous and actively moving but transforms into emptiness and destruction, making it difficult to accomplish.	41	43	xin	125.0	wu	wei
28	0	The graduation certificate is lost, can it be found?	Finally, the graduation certificate was found in an inconspicuous corner of the house.	Hidden beneath the world line, it indicates a great opportunity for retrieval. Wife and Wealth in emptiness and death, patience is required to await the opportunity.	48	46	ren	86.0	shen	mao
29	0	Is it possible to successfully pass the interview?	The actual feedback was not approved.	The hexagram indicates that the Sibling of the fire of Wu is active and dominant, restraining the useful spirit of the Demons. This shows intense competition, making it difficult to succeed.	30	6	yi	37.0	hai	si
30	1	When will the loved one return home?	The final feedback is that the loved one returns on the seventh day of the month of Shen.	The line of the world is vibrant with water in Hai, situated on the day, and moving, with an indication that the time of return is in the month of Shen. The world is situated on the day chen, generating harmony, showing the willingness to return.	13	37	gui	89.0	chen	wei
31	0	Will the lost item be recovered?	The lost item was returned by the neighbor the next day because it had been left outside the door.	The significator Parents line rests on the day structure and remains inactive, indicating the lost item has not left the home and requires careful searching. The wealth line is not apparent in the hexagram; it is advised to patiently await news.	48	26	geng	98.0	zi	wu
32	0	Will the examination be successfully passed?	The final feedback indicates a passing grade, successfully passing the exam.	The line representing Children is strong and transforms into retreat, indicating that there are certain challenges in the examination, but effort can lead to success. The self line is supported by the line representing Wife and Wealth, showing that the seeker has a substantial hope of passing smoothly.	37	24	xin	76.0	you	si
33	1	When will the important documents be received?	The feedback document will be delivered at noon the next day.	The document uses the Parents line as the useful god, which is flourishing and moving, and also aligns with the month and day stems, indicating it will be received soon. The subject line is upon Demons, suggesting attention is needed for the related process.	59	44	yi	61.0	hai	shen
34	0	Can the misunderstanding between my friend and I be resolved?	The feedback indicates that both parties have reconciled and the misunderstanding has been successfully resolved.	"The line in question is supported by the day, indicating that the seeker's intentions are strong.  
The signifier Sibling transforms into auspiciousness, suggesting a higher likelihood of reconciliation between both parties."	40	42	gui	113.0	shen	wei
35	1	Business is not going well; when will it improve?	Business began to improve in mid-month of the Shen period, with an increase in income.	The line of Wife and Wealth in the branch of chen soil is positioned at the center and is active, indicating that the inquirer has been mentally exhausted recently with insufficient returns. There needs to be a change in the monthly order; only when the line of Wife and Wealth receives support from the day's structure will there be a turnaround in business.	28	30	jia	86.0	zi	wu
36	0	Can the child's academic performance improve?	Feedback indicates some progress, but long-term effort is still needed.	The Children line transforms favorably, indicating the potential for improvement in academic pursuits. The Wife and Wealth line being strong and applicable to the context suggests that additional resources are needed to achieve the desired goals.	9	31	jia	71.0	shen	wei
37	0	Is it suitable to change jobs?	After changing positions, work satisfaction improved and income steadily increased.	The Demons line is strong and moves to counter the self, indicating current work pressure is high and development is limited. The Wife and Wealth line transforms into advancement, suggesting better opportunities in a new job.	35	36	geng	83.0	yin	chen
38	0	Can a partnership investment proceed smoothly?	The feedback project was successful, but disagreements arose midway due to bonus distribution issues, which were later resolved.	The Wife and Wealth line is prosperous and transforms into advancing spirits, indicating that the investment projects have stable returns. The Sibling line is active and flourishing, reminding to pay attention to the interest coordination of partners.	50	48	ji	128.0	wei	wu
39	0	Can a suitable rental be found?	The feedback ultimately found a satisfactory residence in the month of You.	The Parents line is prospering and moving, indicating a clear need for renting a house. The current line is stable and receives support, suggesting that a suitable rental will serendipitously be found.	39	41	yi	75.0	chou	wu
40	0	Will the goods from distant friends be delivered smoothly?	The goods were successfully delivered the next day without any damage.	The hexagram of Demons changes and regenerates, indicating that although there are twists and turns along the way, things are generally smooth. The ruling line is quiet and under the auspicious month, representing that the inquirer's mindset is relatively peaceful.	40	57	yi	70.0	mao	shen
41	0	Will the younger brother win the lawsuit?	The feedback concluded with the lawsuit being settled, without a complete victory.	The Demons line is strong and active, overcoming the self line, indicating that litigation will be quite difficult. The self line is static and changes to retreat, representing that the querent or family members find it difficult to control the situation.	6	44	wu	82.0	xu	shen
42	0	Is it suitable to invest in stocks in the near future?	Feedback on recent investment losses, deciding to suspend operations.	The Wife and Wealth line is in harmony with the month's establishment and is prosperous but is restrained by the Sibling line, indicating great market fluctuations. It is advised to observe and not rush into action.	29	33	geng	69.0	yin	chen
43	0	Is the mother's health seriously impaired?	The feedback reports that the mother sought medical treatment due to discomfort in the waist, and her recovery was relatively quick. 	The primary line of Parents transforms into prosperity, but encountering a day break indicates a slight issue with the body. The self line receiving support from the month suggests there is no impact on overall health.	58	39	yi	133.0	you	wu
44	0	Will the financial luck this year be smooth?	"
Mid-year financial luck is sluggish, but it gradually improves by the end of the year."	The Wife and Wealth line is not visible, and the Sibling line is vigorous and moving, indicating that financial pressure is quite high this year. You need to control expenses and avoid excessive investments.	12	16	ren	87.0	xu	shen
45	0	Can I successfully find a new job?	Feedback is that a job has been found, but the starting salary is low, so it's decided to accept it temporarily.	The demonic line is prosperous and active, indicating an active job-seeking attitude and a considerable opportunity. The wealth line transforms and retreats, suggesting that the salary level may fall short of expectations.	14	18	ren	112.0	wu	wei
46	0	Can cooperation between friends continue?	The feedback cooperation is temporarily put on hold, and actions should be taken only after relationships are adjusted.	The Sibling line is prosperous and active, clashing with the Wealth line, indicating potential disagreements in the collaboration. The self line is supported by the Wealth line, showing that the querent hopes to continue the collaboration.	51	20	geng	119.0	yin	wei
48	0	Can the company successfully complete the financing?	The feedback on the financing was successful, but the process took longer than expected and ultimately met expectations.	The Wife and Wealth line with the soil of Wei is prosperous and moving, indicating a clear demand for funds, but the Sibling line changes to retreat, showing a lack of execution ability. The self line is static, receiving support from the lunar build, indicating that while the financing process is slow, it is hopeful for completion.	43	17	ding	120.0	you	wei
49	1	Can the valuable item lost at home be found?	The feedback ultimately found the lost item in the garage.	The spirit is hidden in the line of the world, indicating that the item has not yet left home, but is concealed rather deeply. The wealth line does not appear, suggesting that you need to carefully recall the last place it was used.	23	16	yi	58.0	mao	si
50	1	When will distant relatives visit?	The relatives arrived at the time of shen, slightly later than expected.	The line remains static and transforms into retreat, indicating that the inquirer has strong feelings of anxiety. The Parents line, active and under the influence of the day's structure, suggests a slight delay in the relatives' journey.	12	30	jia	72.0	zi	wu
51	0	Will the child be able to get into his ideal school?	Feedback ultimately admitted to the target school, but the grades were slightly lower than expected.	The Children line is active and flourishing, indicating a solid foundation in academic studies with considerable promise. The Demons line at the responding line generates the host, representing the inquirer's high expectations for their children's academic pursuits.	9	42	jia	100.0	xu	shen
52	0	Is it suitable to move in the near future?	The feedback post-relocation was adapted well, but the process was slightly cumbersome.	The use of the Parents line transforming into emptiness indicates that the timing for relocation is not yet mature. The wealth line is vigorous, indicating that the new environment is beneficial to career development.	40	41	wu	87.0	shen	wei
53	0	Is it possible to successfully sign the cooperation agreement?	The feedback agreement was successfully signed, establishing a stable cooperative relationship.	The Wife and Wealth line is strong and active, transforming into advance, indicating significant potential in the partnership project. The host line gains assistance from the response line, suggesting mutual benefits and smooth cooperation for both parties.	22	33	xin	95.0	hai	wu
55	0	Ask whether the son's job will be stable?	Feedback on the son's work stability indicates that he needs to work hard to adapt to the new environment.	The Demons line is strong and moving, representing that there is certain pressure at work, but it is generally controllable. The main line is static and in the prosperous month, indicating that the one consulting is relatively satisfied with their son's work.	32	19	ding	106.0	you	si
56	0	Can I successfully strive for a promotion opportunity?	Feedback on the promotion opportunity was present, but due to limitations in the quota, it was not successful. (Hexagram Case Study 100 Examples 2)	The Demons line is flourishing and active, generating the self line, indicating that leaders have recognition for the inquirer. The Wife and Wealth line is static and transforms into advancement, showing there is hope for promotion, but patience is required.	11	13	geng	147.0	wu	zi
57	0	Can the conflicts within the family be resolved?	Feedback for family issues gradually alleviates, and the atmosphere returns to peace.	The worldly line is strong and active, indicating the querent's willingness to resolve the issue. The significator sibling line transforms into advance, showing that the conflict stems from insufficient communication, but it can be reconciled.	38	37	yi	85.0	mao	shen
58	0	Can the payment for the house be made smoothly?	Feedback indicates the house payment was smoothly completed, and the procedures were unimpeded.	The Wife and Wealth line is flourishing and active, and it aligns with the World line, indicating sufficient payment ability. The World line transforms to generate itself again, suggesting that the inquirer has some concerns about the subsequent process, but the issue is not significant.	45	44	yi	95.0	you	wei
61	0	Can the household pet be found?	The feedback found the pet at the neighbor's house two days later. (One Hundred Practical Examplars of Hexagrams, Case 2)	The line of Children is active and strong, indicating that the pet is still nearby. The self line is supported by the Wife and Wealth line, suggesting that the querent needs to actively search.	18	19	geng	121.0	yin	wei
62	0	Is it suitable to collaborate with the other party?	Feedback at the initial stage of cooperation was smooth, but some minor friction occurred midway, which was later adjusted and resolved.	"The Wife and Wealth line is prosperous and transforms to advance, indicating the potential for cooperation.  
The Sibling line transforms to withdraw, suggesting the need for a clear division of labor to avoid conflicts of interest."	21	22	yi	136.0	chou	wu
63	0	Will there be a breakthrough in financial fortune in the coming year?	The financial fortune at the beginning of the year is average, with investment returns in the middle of the year leading to a significant increase in income.	The wealth line is active and prosperous, transforming and advancing, indicating a relatively good financial opportunity. The situation line is strong and supports the useful spirit, suggesting that the querent needs to actively strive for a breakthrough in financial luck.	34	36	xin	157.0	wei	wu
64	0	Is it possible to reconcile with family?	Feedback on family relationships is gradually easing, and both parties are rebuilding trust.	The Sibling line is flourishing and moves to generate the Self line, which indicates that the emotions among family members can gradually be repaired. The Self line is supported by the moon, suggesting that reconciliation requires time, but overall it is achievable.	37	41	jia	92.0	xu	wei
65	0	Is it possible to successfully complete studies?	Feedback indicates the successful completion of studies with excellent results. (Examples of Practical Divination with Six Lines, 100 Cases 2)	The Children line is flourishing and moving, indicating that the seeker's academic pursuits have a solid foundation. The Demons line transforms and returns to life, showing that the key to academic success lies in perseverance and effort.	9	42	yi	142.0	you	chen
66	0	Is it suitable to start a business in the near future?	Feedback on starting a business shows success, but initially encountered some difficulties, which gradually stabilized later.	The wealth line is flourishing and active, benefiting the situation for starting a business. The line representing oneself is static, reminding the inquirer to make thorough preparations to minimize risks.	50	51	xin	125.0	si	wu
67	0	Can the lost documents be recovered?	The feedback document was unexpectedly found while organizing the desk. (Sixty-four Hexagrams Practical Examples 100 Cases Part 2)	The useful spirit is concealed in the line of the world, indicating the document is still nearby but not easy to detect. The wealth line is in void, suggesting that it is necessary to wait for the right opportunity to retrieve it.	48	46	ding	130.0	mao	wu
68	0	Will there be unexpected wealth in the household?	At the end of the year, a long-overdue debt was finally repaid.	The line of Wife and Wealth being prosperous indicates that there is a chance of unexpected wealth within the family. The self line is calm and generates the useful spirit, showing that the inquirer is quite hopeful about this.	14	19	yi	63.0	chou	wu
69	0	Can the application for a loan be successfully approved?	Feedback on loan application has been approved smoothly, and the funds have been received on time. (64 hexagrams practical examples 100 case studies 2)	The Wife and Wealth line is prosperous and active, transforming positively, indicating a high success rate for the loan application. The ruler line is still, suggesting the querent needs to pay attention to details in the process.	21	40	geng	151.0	wu	chen
70	0	Can I pass the important exam?	Feedback: The examination was successfully passed with excellent results.	The line representing Children is thriving and active, indicating that the inquirer has a substantial foundational preparation for the examination. The line representing Demons is still, signifying that the difficulty of the exam is moderate, and performing as usual should suffice.	13	22	geng	73.0	chen	wei
71	0	Can the project be successfully completed?	The feedback project was successfully completed and received customer praise.	The world line is flourishing and transforming into progress, indicating that the inquirer is full of confidence in the project. The financial line is prosperous and strong, showing that the project has ample resources and a higher probability of success.	42	9	jia	77.0	zi	wei
73	0	Will it be possible to successfully attend the important meeting?	Participate in feedback meetings successfully and achieve target outcomes.	The Demons line is quiet, indicating the meeting process is smooth, but details need attention. The self line receives support from the month, suggesting the querent will be able to make an impression in the meeting.	16	18	geng	74.0	chen	wei
74	0	Is it possible to reach a consensus with the collaborators?	Feedback cooperation has been achieved, but further refinement of the agreement terms is needed. (100 examples of hexagram application in practice 2)	The line of Wealth is prosperous and active, indicating that partners are quite cooperative in terms of resources. The line of the Querent is static, reminding the diviner to take the initiative in coordination and to push for progress in cooperation.	19	33	geng	149.0	wu	zi
75	0	Is the missing friend safe and sound?	Feedback from a friend indicates safety and no issues. Due to personal reasons, there has been no contact with the diviner.	The useful deity Parents line is static, indicating that friends may be resting or busy. The subject line is supported by the day, suggesting that news will arrive later.	45	47	ding	123.0	you	wei
77	0	Is the sibling's career development going smoothly?	Feedback indicates a steady development in your career, but expenses need to be controlled.	The Demons line is flourishing and active, indicating an upward trend in the Sibling's career. The wealth line is static and transforms to retreat, reminding one of the need to pay attention to financial planning.	37	35	jia	91.0	yin	wei
78	0	Is it suitable to invest in a new project in the near future?	Feedback on the investment's success, with returns exceeding expectations.	The line of wealth is flourishing and transforms auspiciously, indicating that the investment project has a high potential for returns. The principal line is static, reminding one to conduct thorough research before taking action.	14	30	geng	74.0	zi	wu
79	0	Does the marital status need adjustment?	Feedback indicates a harmonious marital relationship, but there have been minor disputes recently.	The Wife and Wealth line is vigorous and moving, indicating a strong foundation of marital affection. The self line is flourishing, suggesting that the querent is satisfied with the marriage, but communication and coordination are needed.	22	12	jia	98.0	xu	wei
80	0	Is it suitable for my child to study abroad?	The implementation of the feedback study abroad program has proceeded smoothly and has been well adapted. (Sixty-four divination case study examples 100)	The Children line is active and prosperous, indicating that the child has the conditions for studying abroad. The host line transforms into a return to life, reminding the inquirer to make proper planning and mental preparation.	30	33	jia	153.0	xu	chen
81	0	Will the father's financial problem be resolved?	Feedback issues gradually alleviated, debt repaid as planned.	The line representing wealth is active, indicating that financial issues can be alleviated. The line representing the seeker is strong, suggesting the seeker needs to take the initiative to assist in coordination.	14	19	yi	61.0	you	wu
82	0	Is it auspicious to move house in the near future?	Feedback indicates the house move was smooth, and the new environment is suitable. (Example 2 of Six-Line Real Combat Hexagrams)	The Parents line is prosperous and active, indicating a favorable opportunity for moving. The subject line is still but receives the assistance of the day's establishment, reminding the inquirer to choose an auspicious day and time.	18	20	ding	128.0	you	wei
83	0	Will it be possible to successfully recover the owed money?	The feedback on the installment repayment of the debt was satisfactory.	The line representing wealth is stable and transforms into advancement, indicating that collecting debts has certain difficulties, but ultimately can succeed. The self line is strong and prosperous, indicating that the inquirer needs to persist in communication.	45	46	geng	71.0	yin	chen
84	0	Is it suitable to look for a job in the near future?	Feedback indicates success in finding a job, but the adaptation period is relatively long.	"The Demons line is vigorous and active, indicating that there are many job opportunities, but the competition is fierce.  
The Wife and Wealth line is static, suggesting a need to focus on long-term development."	13	37	yi	90.0	you	wu
85	0	Is it possible to achieve the goal within the next three months?	Feedback target successfully achieved, efficiency is relatively high. (100 Cases of Practical Hexagram Study 2)	The Wife and Wealth line is flourishing and moving, indicating the goal is likely to be achieved. The generational line is still, reminding the inquirer to maintain firm belief.	42	31	jia	111.0	chen	wei
86	0	Is it suitable to buy a car this year?	Feedback during mid-year vehicle purchase, both the condition and price of the vehicle were satisfactory.	The line of Wife and Wealth is prosperous and active, indicating that the environment for purchasing a vehicle is relatively favorable. The self line receives the mutual support of the supporting line, showing that the querent has a clear plan regarding this.	21	25	yi	105.0	chou	wu
87	0	Can a family business smoothly overcome a difficult period?	The difficulties in feedback gradually ease, and businesses steadily recover.	The Wife and Wealth line is vibrant and changing to retreat, indicating the company resources are tight, but there's hope for a turnaround. The self-line is supported by the moon, indicating that family members are united and working together to overcome difficulties.	50	29	jia	77.0	zi	wu
88	0	Is it suitable to invest jointly with friends in the near future?	The feedback on the partnership investment was initially smooth, but later disputes arose due to financial distribution.	The Wife and Wealth line is strong and active, indicating that the investment project has potential, but care should be taken with the division of labor. The self line is strong and favorable, showing that the seeker holds a positive attitude towards cooperation.	17	22	geng	120.0	chen	wei
89	0	Is the child suitable to participate in the competition in the near future?	Feedback on the child's outstanding performance in the competition and achieving excellent results.	The line of Children is strong and active, indicating that the child has a significant competitive advantage. The transforming energy of the Self line suggests that the inquirer supports the child in participating in the competition.	31	30	jia	99.0	xu	chen
90	0	Is it possible to recover the lost valuable item?	The feedback item was picked up and returned by a neighbor, with no major loss.	"The use spirit Parents line is still, indicating that the item is still in a safe place.  
The Wife and Wealth line is prosperous and active, suggesting there is hope of retrieving the item."	48	25	yi	79.0	chou	wu
91	0	Is it suitable to change houses in the near future?	The feedback for swapping the house was smooth, with both the price and the available properties meeting expectations.	When the Parents line is strong and active, it indicates that there are many options for choosing a house, with good opportunities. When the Wealth line is prosperous, it suggests that the inquirer can act in accordance with the prevailing situation.	14	37	ding	118.0	you	wu
92	0	Are the relatives in distant places healthy and safe?	Feedback indicates that the relatives are in good health and maintain contact with the inquirer.	The Parents element is strong and active, indicating that the relatives' health is generally good. The self-element is strong and favorable, suggesting that the inquirer is quite concerned about this matter.	45	42	geng	96.0	yin	wei
93	0	Is it suitable to purchase large household appliances in the near future?	Feedback on purchasing is smooth, and both product quality and price are satisfactory. (One Hundred Practical Examples of Hexagrams 2)	The Wife and Wealth line is prosperous and transforms auspiciously, indicating a good opportunity for purchasing home appliances. The Situational line is static, reminding the querent to make reasonable choices based on the budget.	40	46	ding	134.0	hai	wu
94	0	Will the friend return the loan on time?	Repaying the loan on time ensures that the relationship between both parties remains unharmed.	The Wife and Wealth line is static, indicating that friends have the intention to repay, but the process is slightly slow. The self line is prosperous, suggesting that the querent needs to actively communicate and coordinate.	19	33	yi	94.0	mao	wu
95	0	Can the new business be smoothly developed?	The feedback business was initially stable, and subsequently gradually expanded in scale.	The wealth line is active and prosperous, indicating potential in new business. The self line receives support from the correspondence line, showing that the inquirer has the ability to advance the business.	25	21	yi	89.0	hai	wu
96	0	Is it suitable to purchase a shop in the near future?	Feedback indicates that leasing was smooth and income was stable after acquiring the shop. (One Hundred Cases of Six Yao Practical Hexagrams 2)	The Wife and Wealth line is flourishing and moving, indicating that shops and markets are stable, and the timing is quite favorable. The World line is static, suggesting that the diviner should carefully assess the price and location.	50	48	jia	143.0	shen	wei
97	0	Is it possible to find the lost watch?	The feedback wristwatch was ultimately found inside the car without any loss. (Sixty-four Hexagrams Practical Example 100 Cases 2)	The Significator hidden in the Self line indicates that the item may be concealed in a familiar place. The Wealth line transforming to retreat suggests that retrieving the watch may require patience.	23	22	yi	130.0	mao	wei
98	0	Will it be possible to successfully sell the property in hand?	Feedback on the successful sale of the property, but the price is slightly lower than expected.	The Wife and Wealth line is prosperous and active, indicating that the market conditions for selling property are quite favorable. The representative line is static and transforms into retreat, suggesting that it may be necessary to lower the price to attract buyers.	14	19	ding	95.0	you	wu
100	0	Does the health condition of the mother need special attention?	The feedback indicates that the mother's recovery was good after seeking medical attention for mild hypertension.	The line of Parents is thriving and active, indicating a reasonably stable foundation of health, but daily maintenance should be observed. The main line is vigorous, showing that the inquirer is quite concerned about the mother's situation.	45	46	yi	113.0	hai	wu
101	0	Is it suitable to participate in an important competition in the near future?	The feedback on the competition performance was stable, but no award was won.	The Children line is active and prosperous, indicating that the competitor is in good condition and competitive. The Wife and Wealth line is static, suggesting that while the competition is important, it is not advisable to excessively pursue the outcome.	13	18	geng	77.0	chen	wei
102	0	Can the child succeed in applying for study abroad?	Feedback on the successful study abroad application, the school's admission notification arrived smoothly.	The Children line is strong and active, indicating that the application conditions are sufficient. The Self line is still, suggesting that the querent needs to pay attention to the details within the application.	25	40	ding	106.0	mao	wu
103	0	Is it suitable to engage in high-risk investments in the near future?	Feedback is that part of the investment was successful, but the risk and return are not proportional, and it is decided to reduce the risk preference.	The Wife and Wealth line is prosperous and active, indicating that investment opportunities are favorable. The World line transforms into retreat, suggesting that the inquirer should exercise caution and avoid seeking something overly ambitious or quick.	14	13	geng	150.0	yin	chen
104	0	Will the child's studies progress smoothly?	Feedback on the academic performance improvement is remarkable, both parents and teachers are satisfied.	The Children line is vibrant and active, indicating that the child's learning foundation is solid and progress is promising. The Demons line transforms auspiciously, showing that assistance or inspiration from benefactors is received during learning.	42	50	jia	104.0	shen	chen
105	0	Can a friend repay the loan on time?	The loan repayment was made on time, without any disputes.	The Wife and Wealth line is static and transforms into advance, indicating that friends have the intention to repay. The self line is prosperous and moving, suggesting that the diviner needs to take the initiative to remind.	19	9	ding	58.0	hai	wu
106	0	Will it be possible to successfully purchase the desired property?	Successfully purchased the property, and the subsequent renovations proceeded smoothly.	When the Parents line is prosperous and active, it indicates that the property conditions are ideal. The World line is still, reminding the seeker to seize the opportunity to avoid missing out.	18	45	yi	87.0	hai	wu
107	0	Is it suitable to travel in the near future?	Feedback on the journey was smooth, and the experience was pleasant. (Sixty-four Hexagrams Practical Application 100 Cases 2)	The Children line is vibrant and moving, indicating a favorable time for travel with a joyful mood. The Position line is prosperous and suggests the need for thorough planning to ensure smooth progress.	30	31	geng	125.0	chen	wei
108	0	Can we successfully handle sudden company issues?	The problem was successfully resolved, and the company returned to normal operations.	The Demons line is prosperous and active, indicating that although the problem is complex, there is the ability to solve it. The self line is prosperous, suggesting that the querent should remain calm and handle things step by step.	9	21	jia	85.0	yin	wu
109	0	Will relatives arrive on time?	Feedback from relatives arrived as planned, with no significant delays.	The Parents line is active and prosperous, indicating that relatives intend to visit on time, though there may be slight delays due to minor matters. The self line is still but supported by the day, signifying that the inquirer need not worry about this.	25	22	geng	71.0	yin	wei
110	0	Is it possible to successfully resolve family conflicts?	Feedback contradictions are gradually resolved, creating a harmonious family atmosphere.	The Sibling line is vibrant and active, indicating good communication among family members. The self line is strong and auspicious, suggesting the inquirer plays a crucial role in resolving conflicts.	37	33	yi	88.0	hai	wu
111	0	Will the company's financial situation improve?	The feedback on the financial situation showed significant improvement in the third quarter, with profits gradually recovering.	"The Wife and Wealth line is prosperous and moving, indicating that financial pressure can gradually ease.  
The self line transforms to auspiciousness, suggesting that the company needs to optimize cost management."	42	41	geng	127.0	yin	wei
112	0	Can the team successfully complete the new task?	Feedback tasks were completed on time, resulting in high customer satisfaction.	The Wealth line is thriving and active, indicating abundant team resources and smooth progress of the plan. The World line is static, suggesting a need to strengthen internal communication and collaboration.	31	40	jia	79.0	zi	wei
113	0	Is it suitable to expand the company's business?	After expanding feedback services, performance growth was significant.	The Wife and Wealth line is prosperous and active, transforming into auspiciousness, indicating that the market environment for business expansion is favorable. The self line is supported by the month, suggesting that the querent needs to focus on the integration of core resources.	50	45	yi	70.0	hai	wu
114	0	Can I successfully find a suitable partner?	Feedback finally found a partner for collaboration, with a stable cooperative relationship.	The line of Demons is active, indicating that the partner's qualifications are excellent. The position of the self-line is static, suggesting that the querent needs to communicate patiently to reach a consensus.	9	22	geng	91.0	chen	wu
116	0	Is it suitable to upgrade the equipment this year?	The feedback indicates that the equipment is running well after the upgrade, significantly improving productivity.	When the Parents line is active and prosperous, it indicates that upgrading equipment will contribute to an increase in production efficiency. The self line is static, suggesting that the inquirer should carefully assess the upgrade costs.	40	33	geng	114.0	yin	wei
117	0	Can we successfully sign the agreement with the other party?	The feedback agreement was successfully signed, and the subsequent cooperation proceeded smoothly.	The Wife and Wealth line is active and prosperous, indicating the agreement's content is beneficial to both parties. The ruling line is supported by the day, suggesting the querent needs to prepare the key terms in advance.	31	30	geng	98.0	yin	wu
118	0	Can the important document submission be completed on time?	The feedback document was submitted on schedule and received approval.	If the Parents line is vigorous and active, it indicates the document submission process is relatively smooth. The Self line is still and transforms into auspiciousness, suggesting that the querent needs to pay attention to detailed verification.	18	14	jia	70.0	shen	wei
120	0	Can a loan be obtained through an assessment?	Feedback on the loan approval was successful, and the funds were credited on time. (One Hundred Cases of Hexagram Practical Application, Example 2)	The line of wealth is prosperous and active, transforming into advancement, indicating that loan application conditions are met, and the review process is relatively smooth. The line of the subject is prosperous and favorable, suggesting that the querent needs to prepare sufficient materials to increase the success rate.	42	25	jia	147.0	zi	wu
121	0	Can a friend successfully change jobs?	The feedback from a friend indicates a successful job change with a salary increase.	The Demons line is vigorous and active, indicating there are more job opportunities, but the competition is intense. The Wife and Wealth line is still but supported by the day, suggesting that friends need to be patient and wait for the right opportunity.	40	41	geng	84.0	chen	wu
122	0	Can the home renovation be successfully completed?	Feedback on the renovation has been completed as planned, and overall, it is satisfactory.	The Parents line is prosperous and active, indicating that the renovation plan will be implemented smoothly. The 'Self' line is static, advising the querent to pay attention to budget control to avoid overspending.	18	22	geng	90.0	yin	wu
123	0	Is it suitable to participate in a joint venture project organized by a friend?	The initial progress of the feedback project was smooth, but the later returns were slightly below expectations.	The Wife and Wealth line is prosperous and active, indicating that the project has a relatively high feasibility. The self-line is quiet and transforms to auspiciousness, suggesting that the inquirer needs to carefully assess the project's risks.	13	9	yi	112.0	hai	wu
125	0	Can the dispute with the client be handled smoothly?	Feedback disputes ultimately resolved, both parties satisfied.	The Demons line is vigorous and active, indicating that the difficulty in handling disputes is quite significant, but there is hope for resolution. The Wealth line is static, suggesting the need for reasonable concessions to reach a consensus.	31	50	ding	62.0	you	wu
126	0	Is it suitable to begin new product development in the near future?	Feedback on the successful development of a new product has been positive in the market.	The line of wealth is prosperous and active, transforming into progress, indicating that conditions for development are ripe. The line representing the subject is static, suggesting that the inquirer needs to control costs and reasonably plan resources.	42	19	yi	88.0	hai	wu
127	0	Will the research project be successfully completed?	The feedback project was completed on time, and the results were acknowledged.	The line of Children is strong and active, indicating a solid research foundation and potential for success. The line of the self is quiet and supported by the day, suggesting the inquirer needs to focus on progress and avoid distractions.	30	20	geng	78.0	chen	wei
128	0	Can the recent major transaction be completed smoothly?	Feedback on the transaction was completed on schedule, and both parties were satisfied.	The line related to wealth is strong and active, indicating that all conditions for the transaction have matured. The line representing the self transforms into advancement, suggesting the inquirer needs to pay attention to procedural details to ensure the transaction is completed smoothly.	22	9	geng	87.0	yin	wu
129	0	Can reconciliation with relatives be achieved?	Contradictions are gradually resolved, and family relationships are restored to harmony.	The Sibling line is active and flourishing, indicating communication obstacles within family relationships. The main line is static and transforms into retreat, suggesting that reconciliation requires mutual understanding and patience.	37	33	ding	88.0	you	wei
130	0	Is it suitable to launch a new marketing campaign in the near future?	Feedback activities were successful, resulting in an increase in customer conversion rate. (One Hundred Examples of Six Yao Practical Divination 2)	The line of Wife and Wealth is prosperous and active, transforming into auspiciousness, indicating that the timing for marketing activities is good, and the expected outcomes are relatively favorable. The line of the querent is prosperous and favorable, suggesting that the person seeking guidance should focus on creativity and the strength of promotion in activities.	42	14	yi	147.0	hai	wu
131	0	Can differences with colleagues be smoothly coordinated?	Feedback resolves conflicts, leading to more harmonious team collaboration.	The use of the Sibling line being prosperous and active indicates that disagreements among colleagues are likely to be resolved. The generation line being still suggests that the querent should patiently listen and identify common points of interest.	25	20	geng	75.0	chen	wu
132	0	Can the annual assessment objectives be successfully completed?	The feedback target was completed on schedule, with an excellent assessment result. 	The Demons line is strong and active, indicating that the objectives of the assessment have the potential to be realized. The subject line is prosperous, suggesting that the diviner should focus on time management and execution of plans.	13	31	geng	84.0	yin	wei
133	0	Can the child be admitted to the ideal school?	Feedback from the child successfully entering school, learning environment superior. (Collected major hexagram examples by Six Yao Masters 47)	The Children line is vibrant and active, indicating that the child possesses the capability and conditions to enter an ideal school. The Significator line is still, suggesting that the querent should assist the child in perfecting the application materials.	31	42	ding	142.0	mao	wu
134	0	Can we properly handle customer complaints?	Feedback and complaints are properly handled, restoring customer relationships.	The Wife and Wealth line is strong and active, indicating that the client's complaint has significant influence. The self line transforms positively, suggesting that the querent needs to remain calm and propose effective solutions.	40	41	geng	79.0	yin	wei
135	0	Is it suitable to conduct team-building activities in the near future?	The feedback event was successfully held, and the team atmosphere has noticeably improved.	The Wife and Wealth line is strong and active, indicating that team-building activities can enhance cohesion. The World line is prosperous and suggests that the querent needs to design engaging activity formats.	14	25	ding	90.0	you	wu
136	0	Will the annual sales target be successfully accomplished?	Feedback on sales targets was achieved ahead of schedule, with a significant increase in annual revenue.	The Wealth line is prosperous and active, transforming into auspicious, indicating the possibility of achieving sales targets. The Self line is static, suggesting that the inquirer needs to optimize their sales strategy and allocate resources reasonably.	22	37	yi	104.0	hai	wu
137	0	Is it suitable to participate in a large exhibition in the near future?	Feedback from the exhibition was positive, and brand awareness has increased.	The Wife and Wealth line is vigorous and moving, indicating that the exhibition activities can bring considerable profits. The generation line is still but receives support from the day, suggesting that the inquirer needs to fully prepare the materials related to the exhibition.	40	50	geng	77.0	yin	wu
138	0	Is it suitable to expand the company scale in the near future?	Feedback and expansion are smooth, and the business scope successfully expands.	The active and prosperous Wife and Wealth line indicates that the company has the resource foundation for expansion. The prosperous and favorable self line suggests the need for the inquirer to pay attention to risk management in new domains.	13	9	geng	79.0	chen	wei
139	0	Is it possible to smoothly complete the child's enrollment procedures?	The feedback procedure has been successfully completed, and the admission time is scheduled as planned.	"The Parents line is flourishing and active, indicating that the enrollment procedures are quite smooth.  
The self line is quiet and turns auspicious, suggesting that the querent should prepare the relevant materials in advance."	25	30	geng	103.0	yin	wei
140	0	Will it be possible to successfully resolve the supply chain issues?	Feedback supply chain gradually returns to normal, and production proceeds steadily.	The Wife and Wealth line is prosperous and active, transforming into advancement, indicating that supply chain issues have the potential to be resolved. The Self line is prosperous and favorable, suggesting that the inquirer needs to actively coordinate resources from all parties.	42	45	yi	84.0	hai	wu
141	0	Can the annual audit be completed smoothly?	The feedback from the audit has been successfully processed, with no major issues detected.	The Wife and Wealth line is flourishing and moving, indicating that the audit materials are well-prepared. The Self line is still, suggesting that the querent needs to pay special attention to data details.	14	33	ding	91.0	you	wu
142	0	Can the important repair project be completed on time?	The feedback on the maintenance was completed on schedule, and subsequent operations have been stable.	When the Parents line is thriving and active, it indicates that the repair process is progressing smoothly. The main line is still and transforms into good fortune, suggesting that the inquirer needs to reasonably allocate manpower and budget.	45	20	geng	102.0	chen	wei
143	0	Will it be possible to successfully obtain government project support?	The feedback project has been approved, and the funds are timely in place.	The Demons line is vibrant and active, indicating that the project has a high possibility of government support. The self line is prosperous, suggesting that the querent needs to enhance the completeness of application documents.	18	25	geng	74.0	chen	wu
144	0	Is it suitable to collaborate with new clients in the near future?	Feedback on the cooperation has been progressing smoothly, bringing considerable profits.	The Wife and Wealth line is vibrant and active, indicating significant potential for collaboration with new clients. The Self line is still and transforms to auspicious, suggesting that the querent should thoroughly understand the client's background.	42	9	ding	89.0	mao	wu
145	0	Is it possible to find suitable new employees?	Feedback on the new employee's outstanding performance and seamless team cooperation.	The Demons line is strong and moving, indicating that the recruitment conditions are reasonable and there is a significant possibility of finding an ideal candidate. The principal line is static but receives support from the day, suggesting that the questioner needs to clarify the position's requirements.	31	50	geng	85.0	yin	wu
146	0	Is it suitable to launch a new technology project in the near future?	The feedback project was launched successfully, and progress is smooth.	The Wife and Wealth line is flourishing and transforms auspiciously, indicating that the project initiation conditions are favorable. The self line is static and changes to retreat, suggesting the inquirer needs to control initial investment costs.	45	33	geng	71.0	chen	wei
147	0	Can the internal resource integration within the company be successfully completed?	Feedback integration was successfully completed, enhancing overall efficiency.	The Sibling line is active, indicating that internal communication and coordination need to be strengthened. The self line is still but supported by the day, suggesting that the integration process needs to be gradually advanced.	25	18	ding	78.0	you	wu
148	0	Can I successfully obtain critical market data?	Feedback data was provided promptly and accurately, offering a basis for subsequent decision-making.	The Demons line is strong and active, indicating that the channels for acquiring market data are smooth. The representative line is strong and favorable, suggesting that the querent should maintain a good relationship with partners.	40	50	geng	100.0	chen	wu
150	0	Is it possible to smoothly resolve the issue of employee resignation?	Feedback on resignation issues was properly resolved, and team stability was restored.	The Sibling line is active and flourishing, indicating that issues of resignation need to be resolved through internal coordination. The main line is stable and transforms auspiciously, suggesting that the inquirer should focus on emotional reassurance and subsequent handover work.	13	20	geng	86.0	chen	wei
151	0	Is it suitable to expand online business in the near future?	Feedback on business expansion was successful, with both traffic and conversion rates significantly increased. (100 examples of Six-line Practical Hexagrams 2)	The active line of Wife and Wealth indicates that online business possesses high potential for development. The static line of the self transforms into retreat, suggesting the need to optimize online resource allocation.	42	45	ding	159.0	you	wu
152	0	Can the urgent order be completed on time?	The feedback order was completed ahead of schedule, and client satisfaction was relatively high.	The Wife and Wealth line is prosperous and active, transforming auspiciously, indicating that the orders can be delivered on schedule. The self line is still, suggesting that the querent needs to coordinate the supply chain and production process well.	25	31	geng	96.0	chen	wu
153	0	Can the overseas cooperation project be successfully advanced?	Feedback cooperation progresses according to plan, receiving favorable international evaluation.	The Wife and Wealth line is prosperous and active, indicating that the resource conditions for the cooperation project are in place. The world line is prosperous and suggests that the inquirer needs to focus on the details of cross-cultural communication.	40	22	geng	96.0	yin	wei
154	0	Is it suitable to initiate a home renovation plan in the near future?	The renovation feedback showed that it was completed on time, and the overall family satisfaction is high.	The Parents line is thriving and moving, indicating that the conditions for renovation are mature. The self line is still and transforms into decline, suggesting the need to control the budget to ensure the quality of the renovation.	45	33	ding	106.0	you	wu
155	0	Can the issue of inventory backlog be resolved in a timely manner?	Feedback inventory gradually being cleared, with a significant increase in sales. 	The line representing Wife and Wealth is strong and active, transforming into progress, indicating that issues with inventory can be resolved by adjusting sales strategies. The line representing the self is strong and flourishing, suggesting that the inquirer needs to seek innovative breakthroughs in channels.	14	9	geng	82.0	chen	wei
156	0	Can the internal team training plan be completed on schedule?	The feedback training program has been completed, and the team's skills have significantly improved.	The Parents line is active and prosperous, indicating abundant training resources. The self line is stationary but supported by the day, suggesting that the querent needs to enhance time management.	31	50	geng	100.0	chen	wei
157	0	Can we successfully adjust the product pricing strategy?	Feedback adjustments have resulted in a positive market response, with an increase in sales.	The moving line of Wife and Wealth is prosperous and transforms auspiciously, indicating that adjustments in pricing strategy meet market demand. The line representing the subject becomes weak, suggesting that the querent needs to comprehensively consider competitors and customer feedback.	22	18	geng	92.0	yin	wu
158	0	Is it suitable to purchase equipment in the near future?	The feedback device purchase went smoothly, and the usage effect is good.	When the line of Parents is active and prosperous, it indicates excellent performance of the equipment and favorable purchasing conditions. The main line being static and transforming into auspicious suggests that the questioner should conduct a thorough evaluation of the supplier.	45	25	yi	73.0	hai	wu
159	0	Can we successfully reach a cooperation with our competitors?	The cooperation feedback has been successfully achieved, with both parties maintaining a harmonious relationship.	The line of wealth is prosperous and active, indicating that cooperation is beneficial to both parties. The representing line is static but transforms into advancement, suggesting that the inquirer needs to show sincerity and strengthen the establishment of trust.	13	19	geng	113.0	chen	wei
160	0	Is it possible to successfully complete the annual strategic plan?	The strategic feedback plan was successfully approved, and the company's goals are clear.	The line representing Parents is vigorous and active, indicating that the planning and resource preparation are ample. The line representing the subject is prosperous, suggesting that the inquirer needs to focus on the detailed implementation of the plans.	40	50	geng	89.0	chen	wei
161	0	Can the new business channels be successfully expanded?	Feedback on the success of developing new business channels, with a significant growth in the customer base.	The line of wealth and wife is prosperous and active, indicating a significant opportunity to expand through new channels. The line representing the self is prosperous and harmonious, suggesting that the querent should focus on market research and long-term planning.	42	30	ding	108.0	mao	wu
163	0	Will it be possible to successfully sign an international cooperation agreement?	The feedback agreement was signed smoothly, opening up new markets for the company.	The Wife and Wealth line is active and transforms auspiciously, indicating that the conditions for a cooperation agreement are mature. The Self line is strong and favorable, suggesting that the querent needs to pay attention to cultural differences and legal issues.	14	33	yi	83.0	hai	wu
164	0	Can the family financial pressure be resolved in a timely manner?	Feedback suggests that the family's financial situation is gradually improving, and the burdens have significantly eased.	The line of Wife and Wealth is prosperous and active, indicating a significant possibility of increased income or reduced debt. The line representing the matter at hand is static but transforming forward, suggesting that the querent needs to strictly control expenses.	25	45	geng	121.0	chen	wu
165	0	Can the new product trial sale proceed smoothly?	The feedback from the trial sale was successful, market acceptance was high, and orders increased.	The Wife and Wealth line is actively moving, indicating that the trial sales market feedback is positive. The subject line transforms and retreats, suggesting that the inquirer needs to pay attention to product pricing and user needs.	42	19	geng	98.0	yin	wei
166	0	Can the house repairs be completed on time?	The feedback and repairs were completed on schedule, with excellent quality. (Sixty-Four Hexagrams Practical Divination: 100 Cases Volume 2)	"When the Parents line is prosperous and active, it indicates that the construction conditions are favorable.   
When the Self line is prosperous and influential, it suggests that the querent needs to urge the construction team to ensure the project timeline."	45	13	geng	140.0	chen	wei
167	0	Can the business dispute be resolved smoothly?	Feedback and disputes eventually resolve, and business partnerships are restored. (Sixty-four Hexagrams Practical Examples 100 Cases 2)	The Demons line is strong and moving, indicating that disputes have the potential to be resolved, but time coordination is necessary. The self line is still and transforms into auspiciousness, suggesting that the querent should strive to find mediation solutions.	31	50	geng	135.0	yin	wu
169	0	Can the government subsidy be obtained as scheduled?	Feedback subsidies were received on time, injecting capital into the company. (One Hundred Hexagram Examples for Practical Use 2)	The Wife and Wealth line is active and prosperous, indicating that the application materials for assistance are complete and the conditions are met. The host line is static but transforms into advancement, suggesting that the inquirer needs to promptly follow up on the review's progress.	25	22	ding	129.0	you	wu
171	1	Analyzing my fate and life destiny	Good interpersonal relationships, many friends, favorable conditions from parents, capable.	Sibling represented by the element fire at the noon time feeds the world, Parents represented by the element wood at the tiger time overcome the restrictive spirit represented by soil at the dragon time, preventing the soil at the dragon time from draining the fire at the noon time, bringing good fortune.	4	7	ren	91.0	shen	zi
172	1	Annual Fortune	Career is going smoothly, with a new job opportunity.	The wood of mao generates the fire of si, supporting the Demons, and the fire is strong. The wood of mao and the soil of xu combine, enhancing the strength of xu soil.	12	23	xin	53.0	chou	hai
173	1	Take a look at the situation regarding marriage and children.	Many friends, do not like children. Good job. Well-educated. Wife does not provide much help to you.	Sibling on the soil of Xu restricts the main line, Children in the metal of Shen is the adverse spirit, Wife and Wealth do not appear on the hexagram, and the later heaven wealth is also empty, indicating no external wealth. The main line is effectively constrained by the fire of Wu and the soil of Xu, Parents in the fire of Wu are the favorable utility spirit actively restraining the main line, Wife and Wealth do not appear on the hexagram, and the later heaven wealth is again empty, not dissipating the main line.	10	61	gui	100.0	chou	xu
179	1	When can the criminal suspect be captured?	On February 29th (wuyin), the case was solved, and the criminal suspect was apprehended.	The line of Children is supported by the monthly and daily branch, thus its strength is strong, and the Demons are subdued, therefore the case is resolved.	60	3	xin	88.0	wei	yin
180	1	Partnership investment project	Friends are trustworthy, united in purpose. Official matters may be difficult to pass.	The Sibling represented by soil in Xu, moving and entangling with the main line, is auspicious. The Demons represented by wood in Yin, being supported by the monthly build and moving to assist the main line, is inauspicious.	22	32	gui	86.0	wei	mao
182	1	The matter of divination: Marriage	There is a boyfriend with an ambiguous relationship. He likes you and will get married.	Mao wood clashes with You gold, restraining and depleting the ruling line, resulting in auspiciousness. The third line has Demons with You gold cooperating with the ruling line, which drains the ruling line but brings auspiciousness. The sixth line hosts Demons with You gold with the Black Tortoise, indicating ambiguity.	46	5	jia	87.0	zi	yin
183	1	Divination: Luck	Work is satisfying, there is joy in written matters, served as a class leader in school, and there are not many genuine friends.	The governing line is under the influence of the Wife and Wealth lines of wood in yin and mao, which are beneficial due to their draining effect. The mao wood aligns with the grand cycle, and the Parents of xu soil enhance the strength, thereby allowing the draining effect to empower the governing line. The Demons line of si fire is flourishing and is beneficially bound with the hidden spirit Sibling of shen gold. The hidden spirit Sibling of shen gold is considered an obstructive spirit.	23	52	ji	128.0	si	yin
184	1	Divining which day is suitable for obtaining vehicle permits.	On the days of Chou and Chen, soil is strong enough to control water and things can be accomplished.	The Parents of water in Hai act as the adverse spirit.	57	59	ren	100.0	xu	zi
186	1	Divination of the Daily Financial Fortune	One loses one's own wealth, yet gains external wealth.	The inner hexagram has Wife and Wealth in water of Hai, positioned at the peak of prosperity, moving to produce the representing line, which is unfavorable. The outer hexagram has Wife and Wealth in water of Zi, being void for ten days, which is favorable.	22	27	wu	54.0	wu	zi
187	0	Will I be elected in the workplace election tomorrow?	The main candidate has too few votes to be elected.	The Parents in yin wood serve as the hidden adversarial spirit, secretly moving to give life to the representing line.	6	6	bing	51.0	shen	hai
188	1	Ask when a friend can approximately arrive?	The obstructive spirit is being countered, the person arrives.	In the hour of hai, the restrictive spirit is countered by sibling fire of si.	50	64	gui	62.0	chou	hai
189	1	Divination Topic: Personal Situation	Friendship is average, appearance is rather delicate, good at studying.	The Sibling Soil of Xu is disrupted by the daily construction. The Children's Metal of Shen drains the generation to advantage. The Parents' Fire of Wu is present in the line, draining and consuming.	34	55	bing	71.0	chen	zi
191	1	The matter being divined: Fortune	There is a government position, work is unsatisfactory.	In the year 2000, the soil of chen clashes with and overcomes the line of the self, which is auspicious. In 2001 and 2002, the flourishing fire gives life to the line of the self, which is not auspicious. The demon of wu fire is present in the line to restrain it.	1	6	ji	55.0	mao	xu
194	1	When will the unit have a physical examination?	Physical examination organized for personnel on the day of yÇwÃ¨i.	The medical examination requires the participation of a doctor. The Children, represented by the soil in the current period, are temporarily absent. Avoid carrying out the medical examination on a day when the Sibling, represented by the fire of the horse, intersects and restricts the unfavorable spirit.	56	50	xin	65.0	mao	mao
195	1	Divination Topic: Luck and Fortune	With the help of friends, work is not going well, leading to financial loss.	In the year of yimao wood and jimao wood, the influence counteracts and exhausts the main line. In the year of wuwu fire, it supports the main line, which is inauspicious. In the year of weitu soil, it exhausts the main, indicating fortune.	42	54	yi	76.0	wei	mao
198	0	Is there profit in opening a shop?	The business of opening the shop is slow, resulting in a financial loss.	Wife and Wealth fire of the noon acts as the unfavorable spirit submerged below the generations, constructing the day, indicating financial loss.	63	57	wu	72.0	wu	shen
199	1	Will the business partner call tonight?	No phone call will come.	The fifth line parents fire in the sign of si is at rest and also void for ten days, which is unfavorable.	53	57	ren	24.0	yin	mao
200	1	Will the inspection from the higher authorities have an impact on oneself?	The inspection from the superior unit has no influence on oneself.	Demons in the soil of the Xu are hollow and do not harm the primary line, indicating auspiciousness. The response line Demons in the soil of the Chou give life to the primary line, indicating auspiciousness.	55	55	xin	66.0	wei	wu
202	1	Inquiring about recent health conditions?	The lungs are diseased.	Wife and Wealth represented by shen gold, as an inauspicious deity, moves to give benefit to the ruling line.	13	30	bing	23.0	shen	wei
203	0	Is there wealth in opening a store?	After starting the business, there has been a continuous loss of wealth.	The Wife and Wealth line of wood in the stem of mao is concealed. The flying entity is entangled by the bond of the monthly branch. The Sibling's gold in the stem of you moves to overcome the Wife and Wealth's wood in the stem of mao, indicating a financial loss.	15	18	bing	72.0	shen	wei
204	1	When will the mailed book be received?	On the day of Xu, at the time of Shen, a letter was received.	On the day of Xu, Wife and Wealth Chou soil are restrained and diminished, unable to overcome Parents Hai water.	46	46	ren	61.0	chen	wei
205	0	Will the unit send someone to a bad position, and would they go willingly?	Unable to transfer oneself, colleagues will inevitably be transferred.	The Demons of yin wood move to overcome the ruling line, while the Sibling of wei soil represents colleagues. When in a cycle of void, it does not effectively overcome the ruling line, which is unfavorable.	43	63	ren	70.0	chen	wei
206	1	When will the house be sold?	The money from selling the house on a You day is received.	Parents represented by the fire of si exit the void and are linked with the day establishment, restricting the self yao. The gold of you combines with the forbidden spirit, the soil of chen, also restricting. The wood of yin is in the void for the ten-day cycle. Parents represented by the fire of si are exposed. The Wife and Wealth represented by the water of zi receive the life force from the day establishment.	5	5	ji	58.0	hai	mao
207	1	Does investing in leasing storefront property yield wealth?	Investment without wealth or consumption leads to financial loss.	The Sibling, represented by You gold, is active and gives birth to the generation yao represented by Hai water, while the Wife and Wealth represented by Mao wood, being empty in the cycle, poses a restriction.	15	52	xin	65.0	hai	you
168	0	Is it possible to smoothly arrange extracurricular activities for the children?	Feedback on the arrangement of activities is satisfactory, and the children show enthusiasm.	The Children line is active and strong, indicating that extracurricular activity arrangements are abundant and suitable for the child. The main line is static, suggesting that the querent needs to coordinate schedule arrangements with the child's interests.	42	31	ding	92.0	mao	wu
72	0	Will there be any health issues with the mother's body?	Feedback from the mother occasionally indicates small illnesses, but they are of no great concern.	The Parents line is in a strong position and changes to generate life once more, indicating that health conditions are generally stable. The current line transforms to retreat, suggesting the need to pay attention to the mother's physical changes and conduct timely health check-ups.	25	29	ding	98.0	hai	si
119	0	Is it suitable to transfer the shop I currently own in the near future?	The feedback was that the shop was successfully transferred, with the price meeting expectations.	The Wife and Wealth line is prosperous and active, indicating a high success rate for transferring ownership of a shop. The Self line is static, suggesting that the inquirer needs to choose a suitable buyer to ensure maximum benefit.	14	33	geng	97.0	shen	wei
115	0	Can relatives provide timely financial support?	The feedback funds will be credited in the second month, solving the urgent problem.	The Wife and Wealth line is prosperous and active, indicating that relatives have the ability to provide support. The focal line transforms into retreat, suggesting that funds may require a longer time to gather.	25	18	ding	84.0	you	wu
76	0	Can the financial goals be achieved by the end of the year?	Feedback target completed, but encountered minor fluctuations in the process.	The line of wealth is thriving and moving, indicating a favorable financial situation with the potential to achieve goals. The main line is vigorous and supports financial endeavors, suggesting that the seeker has considerable confidence in managing finances.	31	50	ding	77.0	mao	wu
47	0	Is the marriage stable?	Feedback from the example divination case shows that the marital relationship is stable and the family is harmonious.	"Wife and Wealth are flourishing and active, indicating good marital affection.  
The self line is supported by the Sibling line, implying there is pressure at home, but it can be overcome."	37	22	yi	117.0	hai	si
149	0	Can financing solve financial difficulties?	Feedback on financing was successfully completed, and the enterprise restored its cash flow.	The line of Wife and Wealth is vigorous and changing into advancement, indicating a higher success rate in financing. The line of the world is still, suggesting that the querent needs to pay attention to the needs and terms of the investors.	14	42	geng	92.0	yin	wei
99	0	Can the company successfully sign a contract with a major client?	The feedback indicates that the contract was signed smoothly, bringing considerable profit to the company.	The Wife and Wealth line is prosperous and active, indicating favorable client resources. The self-line is strong, suggesting the one performing the divination is actively promoting the advancement of the contract.	42	9	geng	106.0	wu	zi
177	1	Consulting about my son's competition.	There are many competitors, and although your son has strength, but he lacks confidence.	The Sibling wood of the yin branch is an inauspicious spirit and is activated, while the Parents of water in the zi branch are empty during the ten-day cycle (in the yin month, water is abundant) and reside on the responding line.	25	10	ren		xu	yin
197	1	When will my wife recover from fever?	The body shows some improvement, fully recovered on the day of Zi.	On the days of shen and you, the Wife and Wealth symbol represented by chou soil supports and nourishes the main line. On the day of zi, the chou soil is tied through union, indicating auspiciousness.	28	28	gui		mao	chou
176	1	Ask about my health condition	Most likely to develop liver and gallbladder illnesses.	The line representing the world is suppressed by the concealed spirit of the Parents, and the wood of mao exhausts it.	56	16	ding		si	yin
201	1	Can partnering with my cousin to sell lottery tickets make money?	Obtained the help of siblings, but within the hexagram, it is restricted, no wealth can be earned, resulting in busy efforts for nothing.	Wife and Wealth, noon fire as the unfavorable spirit, Sibling, rat water moving to support the main line.	3	8	ji		hai	hai
174	1	Ask about family status	The couple currently has a strained relationship. The wife's appearance is average, and her work ability is not strong.	Wife and Wealth as wood in Yin is the unfavorable element, Wife and Wealth as wood in Yin is in a prosperous position.	33	17	ding		si	yin
192	1	Divining Luck	In the month of YÃ­n, there will certainly be a promotion at work.	Demons in the stem of yin wood are situated in the authoritative position of the month and daily cycle, close to the ruling line, exerting a beneficial control, leading to a very auspicious effect.	11	11	jia		yin	yin
22	1	When will the loved one return?	It should return when the original spirit is weak, estimated to be in the month of Chou.	The active element is at Shen, giving life to the self. During the Shen month, it should return, but in this hexagram, the day and month represent the original spirit, with all six lines quietly moving to give life again, transforming into a return to life. The original spirit is somewhat excessively strong; it should return when the original spirit is weak, likely during the Chou month, when the active element enters the tomb and impacts the changing line.	13	30	bing		chen	wei
54	1	How is father's health condition recently?	The father got cold and recovered relatively quickly.	The Parents line is active and strong, but it transforms into retreat, indicating minor fluctuations in health. The self line is quiet but supported by the day, suggesting the inquirer need not worry excessively.	25	26	yi		hai	wu
9	1	Analysis of Wealth Fortune	The hexagram suggests that the current emphasis should be on accumulation and caution against taking risks. If you need to start a new project, it is advisable to control risks and patiently wait for a better opportunity for financial luck.	The line of wealth is in a state of emptiness and is broken and restrained by the month. Seeking wealth requires stability as the main principle, avoiding blind risks or investments. The hexagram indicates that current financial luck is rather weak, and it is advisable to conserve wealth. It is not suitable for large-scale investment at the moment.	22	53	jia		shen	chen
175	1	Ask my father's health	More related to the cervical spine and head.	The Parents fire in Si is depleted by the initial yao soil in Wei, with Wei soil governing the cervical vertebrae and head.	2	8	ding		si	yin
196	0	Divining whether the endeavor to start a business with a sibling will succeed or not?	This matter cannot be accomplished, but it will not have any adverse effects on Sibling either.	The top line Sibling soil at Xu is harmed by the monthly establishment of Chou soil, reducing power and is not auspicious. The third line Sibling soil at Chou flourishes and supports the hexagram line, which is not auspicious, but is entangled by the daily establishment of water at Zi, moving the responding line to counteract.	10	12	geng		zi	chou
14	0	Can the project bid be successful?	The hexagram indicates no obvious support from the wealth line, and the 'useful god' is being overcome and conflicted, making it difficult to succeed.	The hexagram of Feng Ze Zhong Fu has Fire below and Mountain above. In analysis, the Parents line is used as the useful spirit; the Parents line governs contracts and written documents. Within the hexagram, the Parents line is inactive and imprisoned, thus the bid was unsuccessful.	61	42	gui		si	mao
16	0	Can the documents be processed well?	The Parents line is prosperous and mutually generates the Subject; it indicates that documents and writings can eventually be completed, and it is advisable to handle them early.	In the hexagram, Parents are important as the useful deity. They are active, supporting the self-line through the monthly build, indicating that the documents can be successfully completed.	59	60	ren		yin	shen
17	0	Can the teacher-student relationship continue?	The line of the hexagram relating to the army offers insufficient support, with the ruler of the hexagram being overcome by the day's earthly branch, indicating that relationships may be coming to an end.	The hexagram image is unfavorable, the line representing the subject is being overcome, the relationship between teacher and student is changing, and ultimately it is feared to be unlikely to last long.	51	63	geng		chen	wu
190	0	Will the interview go as expected?	The interview was unsuccessful.	The demon, represented by metal in the monkey branch, as the significator, is disrupted by the day's establishing clash and is also weakened by the activation and vulnerability of the six lines in the dog branch, which is unfavorable.	25	17	geng		yin	mao
178	0	Will the man's pursuit of his lover succeed?	It won't work out.	Wife and Wealth Wood in Yin is initially a favorable element in a prosperous state, but it gets activated, and then further enhanced by the Demons Fire in Wu, which moves and transforms to drain and benefit the world line. Wife and Wealth Wood in Yin thus plays a negative role in the hexagram.	1	9	geng		wu	yin
8	0	How to successfully set up a stall somewhere? Can it be approved or not?	The changing line of Children indicates that the matter may eventually succeed, but the current resistance is significant, requiring flexible responses. It is advised to prepare documentation in advance, communicate with relevant departments, and strive to submit the application at a favorable opportunity.	The hexagram is unfavorable. Although the Children line is active, it is subject to emptiness, which may hinder the handling of the stall-related matters. It is advised to make thorough preparations and patiently wait for the right opportunity before taking action.	3	29	gui		mao	chen
185	0	Is the annual vehicle inspection at the vehicle management office going well?	The vehicle's annual inspection was successfully processed.	Parents with You gold serving as the favorable useful spirit move to give life to the self line, which is auspicious.	49	38	ding		hai	hai
193	0	Will this business cooperation be successful?	Because the demons fire of Si is an unfavorable god, cooperation is difficult to achieve and progress is slow.	"The responsive line pertains to the other party. The responsive line ""Demons"" represented by si fire is in a void during the ten-day cycle, but it aligns and prospers by the month's establishment, moving to generate the self line."	14	34	wu		xu	mao
